date,close_pct_chg,vol,amount,open_pct_change,high_pct_change,low_pct_change,index_close_pct_chg,index_open_pct_change,index_high_pct_change,index_low_pct_change
20220125,-1.4733476500381728,2.217641603228096,1.882001642743299,-7.469044388776381,-6.547109313781187,-3.811304803698702,-1.6449583126976663,-1.6449766574130247,0.19882259875729974,-0.3109714683317125
20220126,3.454553342973567,1.2427709626739007,1.2636061842181547,0.8690976160302323,1.7899485347562343,1.4915967215142452,0.6056959869702178,0.6057250696979799,-1.0379980562549482,-1.1609465913752843
20220127,2.171790959306889,4.490260253999276,4.816506127962408,2.6334509099500325,3.3835631232987566,4.014844627294986,-1.418377823572054,-1.4183433123092821,0.25193689334992875,-0.13354296802613264
20220128,-2.476802181993887,2.7828576528028703,2.7728440978114737,-0.6742804669608826,-0.6069668681875487,-0.8279968368172392,-0.8551677720928206,-0.8551812505107388,-1.0752091846014211,-0.8879637624720644
20220207,0.37836756587601056,1.2171513246104912,1.3145784764861692,1.0403140129220552,-1.2344634263769745,0.15196903811670712,1.221593916659299,1.2215820893911662,0.006284196643318755,0.32645830369910694
20220208,-0.047542679079813806,1.3912365513979534,1.327416519037736,-1.0248838890341667,-1.3241951141633828,-1.9982731617307128,-0.3515801979583508,-0.3515973073995624,-0.1488363216081987,-0.8607906613748814
20220209,1.4606170334492048,1.734680630842331,1.8888192266962103,0.28171064637867155,3.3066828049239647,2.4922785324042276,0.7682068101754141,0.7681701665740023,-0.2568018179686338,0.7573351239195169
20220210,0.09515761917790795,0.8934856912924277,1.0783226095639573,1.250158597700987,-0.42675634751964947,1.4656528407858338,-0.13743676162905447,-0.13744927686097916,0.9231454788986688,0.03316222448652665
20220211,-1.8952873422000671,0.5512764014154797,0.6986268426848098,0.168988198110121,-0.7659642709690159,-0.9422867775485806,-0.5647437452794525,-0.5647144110070652,-0.6199776852750697,0.18893676545419075
20220214,-1.9296531612096026,0.8520479583322217,0.8268043059490339,-1.8261964697287862,-2.027140994804697,-2.774393978916597,-0.7540884520936703,-0.7540676178376056,-0.6103438662302361,-1.3263850736943419
20220215,0.8581883336804584,0.03977391187732096,0.11791097833760461,-1.081616572797806,-0.5071937080611539,0.37267688092444057,0.8619746506518818,0.8619475685241154,-0.3892988349439663,0.24082631944195135
20220216,-0.13530558738703344,-0.1819420286606499,-0.07036067830702797,1.299793497568821,0.3936774603006352,0.8772105836993687,0.3532615032437787,0.3532868548019536,1.234649792975435,0.9390779095607902
20220217,-0.24798713736650574,-0.0647903526470389,0.015161485393731543,-0.4879134907464539,-0.6944618901297684,-0.4380350362083739,0.24260942139534256,0.24260952968668242,0.011054447591212518,0.2235126132670585
20220218,-0.10932584970950625,-0.17164477329845274,-0.08783372635813586,-0.36273152126455693,0.03689858665557274,-0.4927054408019978,0.4195924514907976,0.41957600501166203,-0.15315028963835906,0.10321578416036688
20220221,0.5979117522576435,-0.17537074119476972,-0.08059697820939037,0.3045539237959954,-0.03006074311337318,0.43735251976210343,-0.21401885642334,-0.21402831311432974,0.7908329385236961,-0.016328705953700767
20220222,-0.9849011985779454,-0.13901138507172386,-0.07183008327115344,0.2654029025949328,-0.3659634775374506,-0.2993276953733969,-0.9183329250825956,-0.918314118474198,-0.7050675453322941,-0.8331101785151913
20220223,0.4478522397697921,-0.27404783529970067,-0.18613870925606116,-0.48499262441232693,-0.08596665051639975,0.1083155951785673,0.8658942066846602,0.865904910184068,-0.28703586804336617,0.5587331768385494
20220224,-0.3228115201900557,0.5830158824042698,0.5802363954053367,-0.019800024465597692,1.0337499299850779,-0.8757474678877718,-1.4679752826022114,-1.4679767162345319,0.2401599588819455,-0.21715858895722795
20220225,3.4559909569161973,3.1608133949406794,3.0034755607675816,0.4563265611680821,1.789402106175388,0.5800551512311567,0.7942115569313477,0.7941992020751077,-0.42022518167748624,0.09927117220094657
20220228,-0.0725297785588584,2.368769666859406,2.3675327480570796,2.133187674199082,0.8712246930875954,2.5441672177363333,0.19572550115710877,0.19569454448814855,0.04692026989519706,-0.5434671663544438
20220301,-0.5823692946415558,0.7397445528906937,0.8630610311764023,0.008955385122225972,-0.24430623125903575,1.1478503967860905,0.6860468856421749,0.6860280342714464,0.6667754018482075,0.9456579514378395
20220302,0.04497804679944307,0.12503961731889113,0.25582018012952135,-0.32704758589376487,-0.8067140803086815,-0.562881453481489,-0.6101955200441712,-0.6101646293628252,-0.004796388754636192,-0.5254655421592823
20220303,0.7896620690817637,0.8340810644098733,0.9506590442471274,0.5128330227583476,0.7404061697254771,0.33475741220859206,-0.3838411591512191,-0.38384031350700165,0.08039957080575004,0.19033864078493268
20220304,2.074204355725031,3.031171396884235,3.2498994191238286,0.15923217096740203,3.116962242267385,-0.06422450248076869,-0.8538863787744122,-0.8538981084455595,-1.373657297086202,-1.1606073440137605
20220307,0.338593580129915,2.4117187018412656,2.781682539648477,1.5639440693890139,0.8199142525594403,2.8738070869763193,-2.34791561196096,-2.347929306071035,-0.8478375196433293,-1.5301311401857036
20220308,0.8956005250922335,2.3371388234009682,2.7159556955113207,1.0639382046359929,-0.05958118583247543,0.042608103408131946,-1.4530508192466323,-1.4530553773969654,-1.7642876684646074,-1.6003447949928393
20220309,1.4440160153021684,3.2272642777042972,3.8509364112954145,0.46888781890652,1.7391290635997287,1.6975463549258067,-0.6297933002080631,-0.6297826978594386,-1.4320229138718175,-1.6369333980443255
20220310,-0.4584606643482114,2.9056118603522516,3.5439315438554266,2.22091536207831,-0.0540917764742406,1.0826842793625455,1.246091141864164,1.2460550934655068,0.9164676452704167,0.767593021798478
20220311,-1.4138235870326135,1.503511514336456,1.8600720197538398,-1.2911643835003634,-0.6560705307317916,-1.9967696205068035,0.3004982489563773,0.30047509948985307,-1.7122360216447339,-0.3511370115297511
20220314,-0.42714121774091585,0.753010735091241,1.0570419633973112,-1.2524184801793494,-1.155177563788495,-0.22464151710164584,-2.246007155108722,-2.2460389529353972,0.3865578329463351,-0.7065334680121113
20220315,-2.3791813495086336,1.2893565748282838,1.4718759603698655,-0.500276014483648,-0.9280985938142294,-2.294278841407337,-3.3873517214227684,-3.387366642980064,-2.2710505299317285,-2.5169962398677006
20220316,1.2559966489482068,0.948144911091284,1.1096201152581362,-0.8482024340709079,-0.8999191308279919,-0.10806159000357168,3.3196116592814864,3.319631792055663,-1.3554533213723574,0.19699599805407228
20220317,-1.6715330007007323,1.2832484938402446,1.4116213989865918,0.6949493882857775,0.160472370066746,-0.4867837611131746,1.5403593486327571,1.5403889851429768,3.7431592100021223,3.137099871943407
20220318,0.8609608748555306,0.5481021753071728,0.679065432092179,-2.1314900438935336,-0.9620687381976252,-0.27940387717667475,0.5619024859116746,0.5619017078410473,-0.30348842769706597,-0.34881132338727566
20220321,-0.3993131192800073,-0.2140961714040725,-0.04043949782091392,1.430342490564836,-0.1355875815325059,0.3982280566353153,-0.06620636834106255,-0.06624082038668187,1.2441183677720686,0.17774316345021796
20220322,1.1029592218649076,0.05952156311314204,0.23855273763107648,-0.5454738032783678,0.8278447416590198,0.3643667307430637,-0.0008553091022382403,-0.0008797354532763964,-0.4580045530711054,-0.020273581705462076
20220323,0.8011287517194075,1.1129446229813065,1.3501278017506386,1.4662633101404905,1.7168013848352746,1.1519379705659496,0.43609981247499896,0.4361210131540183,0.3865741968373325,0.17317406885921108
20220324,-0.7585112315171223,0.5944138412482067,0.8276455713420557,-7.1482419702033066e-06,-0.13463711095175143,0.45632101726013696,-0.3841426634614329,-0.3841657470548229,-0.3173582183669742,-0.22279647792695476
20220325,-1.3806215507385406,0.27897300993280383,0.4034308616062364,-0.27675102437729227,-1.7082175401037476,-2.0480752869110153,-1.3002635100458284,-1.3002669069622563,0.05392497457685584,-0.3458503729775204
20220328,0.4467911437645177,-0.25615643162974255,-0.0839409088296341,-0.9182911016533769,-0.5065923072346776,0.13530492787522788,-0.4112026753031144,-0.41120613911191883,-2.224309055850146,-1.72370898531701
20220329,-0.3652553604010355,-0.552101317168428,-0.36755076737052206,0.05521912877359834,-0.07509667073466546,0.027195315221777414,-0.19999890599840187,-0.20003096807850923,0.5829710144744373,0.1494600465640123
20220330,1.5175396997966724,0.0437697627722694,0.22336840198752145,-0.3033248845245433,1.203638918079544,0.4897559088953918,2.247311580006383,2.24728420579302,0.1939212824826347,1.8279993665444518
20220331,-0.327569337762093,-0.05761193536094154,0.10825478257631019,1.0385362738517525,-0.5486254452057537,-0.03361130118467749,-0.4979605405671131,-0.497970843061964,1.4714315491107248,-0.07146264890132306
20220401,-0.4869733408770391,-0.37415133162402153,-0.18387210937712137,-0.18279127826586017,0.001272560678976656,0.6382851677728629,1.0162694814037543,1.016300868257988,-0.6224350045965464,1.047991428541074
20220406,-0.7582374002899547,-0.5420630382811454,-0.37095502245278134,-0.5731378627661442,-0.9488006172412862,-1.2812366960238317,-0.15688378963783955,-0.1569126218275812,1.2178366702816577,-0.21210160172773504
20220407,-0.965561868159233,-0.5062428065951434,-0.3445010802700624,-0.21318273059329274,0.15390349711179035,-0.5335935289933936,-0.9074787699149015,-0.9075178056428762,-0.2942718138860396,0.09213658220843854
20220408,0.21211778208187418,-0.7220273090586007,-0.5557490221681641,-0.8396985749342423,-0.9521350872638442,-0.447404716459833,0.4482353609611013,0.4482104375446055,-0.4484269126076465,-0.8160464778488421
20220411,-0.9486870187850288,-0.3546900300991095,-0.25354286713738383,0.2130148902706389,-0.0026698247163005145,-1.0299458444109957,-2.2683184740645372,-2.268316723493069,-0.1180433109138294,-0.6837992813033364
20220412,0.18802063409112432,-0.6911475187627565,-0.5501541041498608,-0.7779201644205351,-0.6939327662915932,-0.006776658739280176,1.5291283130772961,1.5291324734526754,-1.8756550740214433,-0.45930598729801353
20220413,-1.2135502732629013,-0.8288537149138017,-0.6767910561013951,-0.06898270584233215,-0.4532126166500948,-0.6496563322121929,-0.6653708088132825,-0.6653594776005497,1.0759615405735679,0.3987788282061367
20220414,-0.42354718288434096,-0.29339002047735624,-0.23788180980041235,-0.5683775825272059,-0.10215267643118331,-0.5782795668358183,1.0039078046849916,1.0039418329371128,0.4173619381298321,0.6006852807405912
20220415,0.37395203733793286,-0.27147881433095483,-0.22408819067155566,-0.734493132005634,-0.07521287571553562,-0.7929688106020656,0.009471213522581755,0.009465147606670912,-0.13630279183374594,-0.05036708500175624
20220418,0.41475289018590705,-0.668315032142422,-0.5571782984190565,-0.10177025309233366,-0.1873559598595443,0.33885775338473656,-0.34223356434172547,-0.34221836172587844,-0.12065243760663985,-0.813876262648512
20220419,-0.3909270379479991,-0.7930475975526091,-0.6520795363454839,0.9232131452063528,0.4149333324823342,1.0630072282165464,-0.5093423282776811,-0.5093709489337565,0.2378615632181266,0.42518200531279754
20220420,-0.42570360379828587,-0.7872523840978485,-0.6556825414009306,-0.3793281952413109,-0.3117549111763799,-0.49669942748827084,-1.1085067687499008,-1.1085296285366693,-0.5468998571599495,-1.0732112444599655
20220421,-2.3459793132145603,-0.36654563523232564,-0.3572137901533341,-0.3208842603644946,-0.822327518998209,-2.6405222924967173,-1.3277757783528306,-1.327766607645841,-1.538061039852276,-1.0633257881808629
20220422,2.0725271394586295,0.22978202173062015,0.12935724550819566,-2.164445865553787,0.684968361646992,-0.9118226312007642,0.38876363577144457,0.3888000647945841,-1.5648819429957088,-1.0685887409057493
20220425,-1.439392577869389,-0.35079233791760944,-0.3347068686319952,1.3745251568526458,-0.9717411621225812,1.585480321402245,-3.6649618150520533,-3.6649332400260093,-0.6250133782324013,-1.7773951704114364
20220426,-2.202731352502503,0.171901955780904,-7.012824266765143e-05,-0.3795718601315462,-0.7415807189105768,-2.7988668837048576,-0.5482363842952512,-0.5482166580522464,-2.217184170936082,-1.994111125566505
20220427,0.6928285013746168,0.33291667623449667,0.06909529524783235,-2.578191580211094,-1.8869920748452556,-1.4216067742957994,2.2794971651216978,2.279506799131737,-1.2990874233989442,0.6651334505404547
20220428,-0.9828816932775842,0.1258802750586846,-0.08726335296629002,0.4633915216250341,-0.7016006290721439,0.7525997967114464,0.554967886776759,0.5549845724350696,2.7581355196908923,1.2425998073602027
20220429,1.3514610605195154,-0.06925839186288896,-0.20061637918705513,0.12978973700090307,1.7119079857450503,0.6801220184473045,1.888973707317374,1.8889699442716559,1.2323795723371638,1.8619893389420752
20220505,0.6588049713990412,-0.12025408896003989,-0.19515619997032999,0.8437032408756039,0.5300508186439429,0.8854712021085575,-0.053015554769212214,-0.05298681310410281,1.205953584849322,0.6058325353523194
20220506,-1.0217999564387812,-0.884865343653501,-0.796152978410223,-0.11872358585558038,-0.7488908640706204,0.06179436732287004,-1.8456094311448985,-1.8456315058315438,-1.2825140113061988,-2.095815580856828
20220509,-0.2693117441821835,-0.9234673804474234,-0.8278407111079511,-0.17806010857614227,-0.5021271750320996,-0.24504415469322932,-0.5449198368829002,-0.5448949974421199,-0.8610462648186268,-0.7183826064739253
20220510,0.6895767555520015,0.06387861241117142,-0.08886446698322854,-0.56194875045194,0.6712297628887937,-0.826769480228573,0.8850397303832316,0.8850628018173458,-1.255030954823267,0.5298853355846231
20220511,2.1006290691467058,0.8032919479582598,0.5642739321689137,1.0154642902352902,2.5601440938932316,1.7815397044884758,1.1477253606569373,1.1477026957175118,2.1210316081731535,2.510223016130179
20220512,-0.6394973344093989,0.42443844922120044,0.260687602912505,2.0468519473817026,-0.24298815342957467,1.3099824380579401,-0.2749981031640653,-0.27499841764915794,0.7231261712683322,-1.0370732518082608
20220513,-0.8121136942351823,-0.0739918231558397,-0.16668118349289215,-0.5172630979943561,-1.1006657436435237,-0.7451477654149015,0.6287610667015675,0.628749405545608,0.7557141035440522,0.5064198232335951
20220516,-0.343759609068378,-0.6219045659277214,-0.5927277087019859,-0.6812850650747007,-0.7000731785621637,-0.29395746713658266,-0.545748973735988,-0.5457135088025059,0.6951331854873949,0.4154460663609463
20220517,0.8568534064480164,-0.25858152925611205,-0.31633219981004584,-0.38643337309008724,0.17309415752143273,-0.07055833459745933,1.0004405051175338,1.0004733590151544,-1.0089415941945672,-0.20791850517349153
20220518,0.45065900984826013,0.030528173713435802,-0.07359471870293656,1.0240534396641219,0.8739760565607076,0.43984483516403744,-0.20293857302298568,-0.20297609460989094,1.14904203575579,0.35059448046572733
20220519,1.1142547599855717,0.3966747169071751,0.24459664586685628,-0.3509795713343682,0.9002815633258194,0.3234839381215246,0.20544901516150132,0.20543094113239266,-1.4816225006506745,-0.34060449519385577
20220520,0.4174569735541872,-0.13348541305537573,-0.1408575836322917,1.5887700544772825,0.8203449082627452,2.2921174138510305,1.530183578163044,1.530206729288789,1.7561247593837397,1.9322206899680927
20220523,-0.13619553887532818,-0.5862331762124383,-0.5193216571621437,0.3523843485992494,-0.6326408489615506,-0.23860572869962599,-0.37637892747342955,-0.3763811030721791,1.2717864547589026,0.15753492577808037
20220524,-0.765767759037064,-0.4472188387756344,-0.4037117772695626,-0.02502924158146154,0.5822549674041523,-0.31146567610936166,-1.7029225163362545,-1.7029527337419044,-0.49387250017217804,-0.5073817581397005
20220525,1.601811259957505,-0.22473880001729146,-0.21679223102972855,-0.414154739947437,0.45755690063898424,-0.08245465357740606,0.5175813523102574,0.5175834886738584,-1.7939093955720016,-1.6115281090535059
20220526,0.3319189439677044,-0.25216849331082375,-0.2143343318862987,1.3904029840120933,0.4529328005286725,1.709508593267305,0.24690585781588814,0.24690237868257234,0.6324141379622717,0.8452841168653401
20220527,0.52277930930353,-0.5703665365924331,-0.47571637678186346,0.25085731271111117,0.14915517201344394,0.3863690543959877,0.21600166601898158,0.21601156856208503,0.7726039882826103,0.9165958935653431
20220530,-0.3351339254125983,-0.1147114363780079,-0.10208451293455408,0.5735332784262097,0.5042819382874214,-0.5366727082259141,0.5824047790062077,0.5823682933139533,0.025477113685442167,-0.16309288621223225
20220531,-0.3094280189622387,-0.0005477201558989346,-0.010447133696726556,-0.21226405632904677,-0.3431446945447857,0.2847367092948779,1.2294330287248558,1.229462204514743,0.28183709662215756,1.3812824621883637
20220601,-0.013279546780466372,-0.163421895976448,-0.15641250701508044,-0.7544659098582728,-0.40500375606286027,-0.5245974657218408,-0.09341713233785102,-0.0934531002436542,1.162307682926135,0.0489841269614034
20220602,-0.29833785426195036,-0.5897322456447713,-0.506277630339318,0.10805697898090318,-0.19564293238681243,0.25191280065985955,0.17816287508715944,0.1781771419311503,-0.38465018292243675,-0.007934778120836981
20220606,0.486017467056278,-0.5781212888082542,-0.4934129460938925,-0.20850459054303963,0.4846974208127684,-0.1829266425651472,1.470485724740727,1.470503659746946,0.5902518836846298,1.8317536055339956
20220607,-0.7156908733687869,-0.5524276574662975,-0.4776406768819766,0.5740515925758692,0.07798884710210705,-0.062091132470697315,0.2962018125358318,0.2961916167981574,1.547711551507706,0.7967634466804612
20220608,0.5053567974749906,-0.1061241528518291,-0.10595607584799592,-0.5855407947648456,0.26428012655780303,-0.20234859940271405,0.7939854286986874,0.7939827556460973,0.4789950973749463,0.6839177488409447
20220609,-1.1590236301531507,-0.23558394780618716,-0.236265361544827,0.10867027545653077,-0.4776349174398237,-0.46801366723419296,-0.7282344574928435,-0.7282051011929221,0.5370031790741752,0.13840435916672725
20220610,0.10973913202458328,1.072920033329306,0.8042684704222622,-0.8785085672917803,-0.29836703461701336,-0.15364900754751137,1.203202153736262,1.2031832444752026,-1.2052235188860567,0.3916143609856652
20220613,-0.6694133959774605,-0.18598129179705802,-0.22960165327599827,0.17913531059601964,-0.9611896630935419,-0.6926003430117132,-0.8225299305121853,-0.8224968962463656,1.0141769229491213,-0.43894295136782924
20220614,0.11117674596721326,-0.29393727134383585,-0.33057701190739425,-0.7949063008329905,-0.49532522250253064,-1.0905609140997552,0.653182915828879,0.6532013490032329,-0.9245397857704799,0.2109005729918768
20220615,0.23796060414581754,-0.21502942766875296,-0.24129975285477018,0.4080319781658491,1.1700415301605955,1.2285584620626724,1.0582539566010152,1.0582316866137087,1.7220997034715604,2.876010448894351
20220616,-0.5204149794948836,-0.5114820011937701,-0.4865165191125352,0.250492656263876,-0.7988300460638104,-0.030465284484782338,-0.43585065266308626,-0.43587761752267523,1.0908302366887284,-0.9152311188564964
20220617,0.20801031367436,-0.8249594443868009,-0.7310396738558614,-0.4436582402670491,0.002582185871471285,-0.21362950019005864,1.1062685180025502,1.1062796450724695,-1.1235549819362927,0.4289418864314919
20220620,0.9567675754607988,-0.0905440767961394,-0.12783256229980502,0.36525591179321326,1.3178946718482956,0.6321727693975292,0.43436616269127004,0.43433565512571687,2.047136511484254,1.1701251321824753
20220621,-0.3876410632219878,-0.03300040225438428,-0.08309057737716999,1.5616149122700351,0.6237036860811113,0.11520477768012233,-0.024523397454015446,-0.024519217042412472,0.15771062468466998,-0.16056367722872353
20220622,-0.9274308697761429,-0.5216941429002976,-0.49792959043887813,-1.033723486878559,-1.4726507035522916,-0.8631620302412771,-0.897227623367635,-0.8972235407655346,0.1371057546622133,-0.4477358666268386
20220623,0.08019958839387714,-0.7472558092420607,-0.6823702920782596,-0.9232420094000343,-0.8785930818869386,-0.30977961049261504,1.3531251719900357,1.353149846771655,-0.9438210399241775,0.3135901293503343
20220624,1.0331664878405624,-0.14285497234145383,-0.19883194218298705,0.19768767776187715,1.4401443643058343,0.4169292542675753,0.9433054383320334,0.943327938466377,1.509781758733311,1.3216888575384491
20220627,-0.21944023193428222,-0.5621943425276991,-0.5140481552972519,0.9059811034521014,0.06365207642695467,1.0251164968336401,0.9090093230452225,0.9090443099703952,1.1721751979048722,1.633904303881726
20220628,0.917027818618099,-0.20001734625994463,-0.22117828701978615,0.041431638150640195,0.2588931803359974,0.169180438704545,0.8446381528145928,0.844658732088727,0.5798725913839863,0.6144213782678783
20220629,-1.5557366205122283,0.16448060102535725,0.051023709507686275,0.7587051883424346,0.18309719329909438,-0.8765746374956834,-1.100667656684344,-1.1006889309937993,0.611231193040503,0.18966417979629213
20220630,0.9689872939731535,-0.22609912153416417,-0.26015836993925645,-1.3329223123210328,-0.38265950596372594,-0.03122718710736986,1.1453887022527809,1.145380238765049,-0.925185177900063,0.32944175269116843
20220701,-0.3143912099546516,-0.10730056043936534,-0.1516540315244186,0.9596993445979932,0.5009724795998531,0.7268817418868652,-0.24725970662440283,-0.24723649515218757,1.36981245627202,-0.21582530523744367
20220704,0.6514115282655156,-0.2501651146014914,-0.2666659302124286,-0.41119234365669843,-0.2340225247546261,-0.1936613808242612,0.5548171346216522,0.5548467124827932,-0.698904105117394,-0.025476780185420513
20220705,0.29700546250383386,0.5482854476762907,0.40103604616030425,1.030677671590497,1.2651357927902702,1.1580236247989295,-0.04864374227111324,-0.048640424240403525,1.1211102749349169,0.8037661154738954
20220706,0.03166300337841794,-0.05927849495550024,-0.10304468823764781,-0.34964077396452464,-0.34216375224680745,-0.2418144670851559,-1.0406682989518132,-1.040649900825331,-0.4750503976069301,-0.8849902529280251
20220707,0.7905862494734543,0.5025691496181329,0.37344114078326746,0.32882646097139084,0.3424388290202809,0.31121579821450845,0.3925324396491161,0.39250631226399185,-0.8438766927533979,-0.4934475715962072
20220708,-0.5138088011394649,-0.15185563450182774,-0.16502583542727173,0.7465980913027502,-0.14005714165237282,0.39829865817457016,-0.18906937475315447,-0.18903727359567218,0.8440032252039992,0.551256650058512
20220711,0.23183363043794222,0.30946380088276054,0.21783502187653006,-0.39529429877970285,0.2686204243310525,0.09547884876594785,-1.2020484809937084,-1.202049324246012,-1.057289947683167,-1.4767903403324676
20220712,-0.2898148573163585,0.19303794332981064,0.11576577709093605,0.21665360324967023,0.15095602703238284,-0.2741863310449369,-0.6494664564495085,-0.6494608426120511,-0.9187078723395256,-0.6931297467512263
20220713,1.1597449725987912,0.6939784269888898,0.5309777274929609,-0.4398670398764818,0.23780148861930245,-0.5784324665883817,0.19723302270817736,0.1972519746451712,-0.6668174870889665,-0.5487460910600778
20220714,-0.7462572841013716,0.7510411452200891,0.5696529805877175,1.0076213787602775,-0.3261370682983152,0.9261533217411358,0.07090271672862769,0.07088161335695534,-0.022324818643717943,0.31174406635283475
20220715,-0.3357158167703294,0.02630414123406621,-0.02642393413712606,-0.3403664502013603,-0.0970397545368784,-0.16897061499978908,-1.222475398010688,-1.2224453584756927,-0.11273911308993823,-0.07903149327100026
20220718,0.929179079323662,0.3054484893278476,0.21610614830070393,-0.3189388980068789,0.3278827582725924,0.09579169341304196,0.8418492379451158,0.841871255281396,-0.6388226588285776,-0.8849505104454312
20220719,-0.2699278644433107,0.045968175788060894,7.696142249799558e-05,0.8265394733120234,0.10734239338562296,0.3258671270221303,-0.34796214623578614,-0.3479871948247077,0.5611954264337337,-0.19344184182369512
20220720,0.09252199361641969,-0.2796931375167113,-0.2650924935687734,-0.20862081959518872,-0.03815785953857071,0.06018396791486709,0.31557346446706336,0.3155385750179618,0.11612903422363358,0.4097028027107067
20220721,-0.3631673972938825,-0.11925090263153049,-0.12786463744616836,0.4145705462239543,0.2387208871878575,0.18315159730772504,-0.7798670706169435,-0.7799025170428118,-0.33130456899504485,-0.367407327163986
20220722,-1.3510135493010427,0.6746182781251132,0.4516455492005747,-0.681260642745102,-0.5168459642142303,-1.952935804524183,0.09894261757850388,0.09892315614007642,-0.28889642448038716,-0.0912689220199785
20220725,-0.640763803835049,-0.5697076542479143,-0.5455118179785428,-1.0369178142613207,-1.3395952751563915,-0.2894933098768697,-0.3949214425515734,-0.3949147190251492,-0.2768088293376861,-0.8238161662202894
20220726,0.3582751995825871,-0.6392222009088302,-0.6036741137000734,-0.6304748707493081,-0.38363516384150914,-0.8133944404803204,0.6565748393187835,0.6565967043049646,-0.20145757012234075,0.6431551849541752
20220727,-0.24333200650465636,-1.0174112571128096,-0.8862887384164452,0.1984375122302462,0.09492124245394525,0.9368735846516368,-0.3115555007774792,-0.3115381684866765,0.3702963659386026,-0.31999564153922433
20220728,0.2925899339657561,-0.9244575217181543,-0.8150959647230708,0.05521912877359834,0.09489178492589537,0.09840769616876435,0.07158110142660856,0.07157322830800181,0.17943631984996222,0.6574764656928734
20220729,-0.16255179449021082,-0.628670032286436,-0.5857553679645855,0.11223368523538452,0.45378090668139526,0.042608103408131946,-0.9310714821891253,-0.9310656074576885,-0.23929207358223417,-0.4642701631562626
20220801,-0.42406061643528015,-0.7904071495461907,-0.7227968172486399,-0.0016870349952950777,-0.6149906329458886,-1.016067431915998,0.39599973921657383,0.39597530956225263,-1.1951660840089617,-0.9720249975175528
20220802,-1.6674255322932179,-0.4239659163587003,-0.4830182490711527,-0.7714919399223213,-0.8811043501151367,-1.522953411909421,-1.4091819421105356,-1.4091895215304924,-0.25340381842685344,-1.1028311100085357
20220803,-0.24607031877633248,-0.9167573021209157,-0.8389527861692421,-1.1174602891475982,-0.7305251366765433,-0.017067252690317804,-0.6747928185074612,-0.6748129448236706,-0.5136249200152637,0.23046652685348404
20220804,0.18915018790319074,-0.9493564738026515,-0.8643087535827207,0.03996294011791722,-0.10240175718159246,-0.19645961473155885,0.7007452207650937,0.7007472250574989,-0.4358942907335816,-0.9011739562778568
20220805,0.2406989164174937,-0.5157947828367148,-0.5634410055267384,0.11627500259805192,-0.10323745840761106,-0.3983896044829306,1.0778517367649072,1.0778431389153464,0.4616264918603297,1.266210224637044
20220808,0.4298820654869176,-0.7720955239330392,-0.7322632131619248,0.03998623200900009,0.5668531473165985,0.6711305334730246,-0.10005022716255292,-0.10003161491886305,0.7014752456416249,-0.006723444250105439
20220809,-0.1394815136013395,-0.9197822585516914,-0.8361163848408252,0.6038826303661571,0.22887853667422833,0.6611488760283416,0.20951932334938658,0.20949587712450987,0.09300718534697613,0.2180396012050377
20220810,-0.3295546141590581,-0.9519714732537314,-0.8651002058869934,-0.16927568729468936,-0.36380687987563526,-0.48769907015059916,-0.7840881309599357,-0.7840678334525275,0.17074549802838343,0.05573231617972124
20220811,0.7965420786643499,-0.8074172633291764,-0.7540862693759488,0.05521912877359834,0.5466593926385048,0.40102634647798735,1.5972682871855977,1.5972634429271122,-0.2970271101872781,0.8332394710451771
20220812,0.20171219544950494,-0.7975438654180782,-0.7398041187166532,0.47744279627398695,0.3919783197103962,0.6147942010073312,0.017234949510585105,0.0172251861676151,1.1325091839756691,0.27514973045425106
20220815,0.28547032205939826,-0.5422736838862577,-0.5531789991335799,0.23365514750646924,0.27497185948145064,-0.015726568204839038,-0.03824184356873981,-0.038224222044313326,-0.04198721510639221,0.47365674064028795
20220816,0.7370522445621862,-0.3469774070043109,-0.39174433147980064,0.5430103340577809,0.628987327282753,0.821570418346623,-0.0810554556190884,-0.08102849895887508,0.26619573025792453,-0.17128459614150784
20220817,3.454553342973567,2.813277230568561,2.2708719139748754,0.7969901439652294,3.2399883380771017,1.1881409194941517,0.7660209039263648,0.7660263345765378,-0.09085536698337936,0.3948121155662475
20220818,-1.2935089915958442,2.5649110924026766,2.0027809541764876,2.0705985428211475,-0.25520321753100156,1.3594253500898714,-0.5986629801784963,-0.5986388834219839,0.5113222829645269,-0.16559708961446207
20220819,3.46239176185124,2.2469615467790782,1.8633104347359755,-0.7559275485648099,2.0831627467202503,0.3834713918427477,-0.46321216881498156,-0.4631989942132067,-0.5376462317605962,-0.5132846319455638
20220822,-0.1961645776250352,4.696583240211987,4.30111299955294,4.606620879199186,2.353468130873781,3.403883845950934,0.610821560243851,0.6108046149775552,-0.6998138145485348,0.033467905334682344
20220823,0.20366324294307414,2.1506030513042265,1.9022458984217216,-1.6887754788120009,-1.4073005948436865,-0.7759735642447569,-0.3059776710385253,-0.3059966121579218,0.8516749470122605,0.16394690671290824
20220824,-2.4356590401119536,2.2833262492372786,1.84929422954926,-0.5872744525666248,-1.2730474783739925,-1.9139953926803857,-1.3647100563540115,-1.3647429456417826,-0.0719521309122501,-0.2211846842414784
20220825,0.5696044491491916,0.8425349034105798,0.659211078801366,-0.884601463225547,-0.5131824477294865,-0.1510760164906769,0.6846147401686596,0.6846387651980003,-1.3969018622546936,-1.1624259581101961
20220826,-0.4525732929641078,0.1983353060549253,0.11886678678342238,-0.35681990604682423,-0.5663487116350577,-0.16973964259963797,-0.09899496207680487,-0.09900719125329363,0.7442423819516137,0.5442448653858488
20220829,0.6609956212163821,0.08725107888217441,0.033310770277585604,-0.0930289862947603,0.399348319009453,-0.20648902791071108,-0.2705509145884129,-0.27057224914287004,-1.1890903729388498,-0.9960769933854415
20220830,-0.7370154801844647,-0.2610032052279822,-0.2590182028268845,0.7053398630890035,-0.06639086699119218,0.25749425925323144,-0.192838178630826,-0.19280774219238755,0.552772920635899,0.08342398372986927
20220831,-1.5718584340117217,0.07870399979636233,-0.031133601302659644,-0.7534129220185866,-0.9082567985944969,-1.560195013749261,0.11650524364845322,0.11653899517266578,-0.5576821203247512,0.5366828542690226
20220901,-0.6962830851432825,-0.5056934171946017,-0.5002200573182926,-1.0347268755027212,-1.2813166263429818,-0.5517360567738335,-0.5884872097087832,-0.5884555172346517,0.24280255595534248,-0.42837171993557754
20220902,0.34567896313287694,-0.0029368904100259383,-0.1208266006258554,-0.5951831095599767,0.14153124639320383,-0.20258584560398105,-0.3149474242673835,-0.3149619880444013,-0.16282152551121698,-0.7270458614208951
20220905,0.27732384305116176,-0.5889379940941244,-0.5641303970339688,0.011859434699568122,-0.18497735616256797,0.1564914827850988,-0.09319100410519071,-0.09316686615835122,-0.8230513752225418,-0.8388264393436026
20220906,0.7634085001770688,-0.22489149134932213,-0.27450130106867254,0.6776096568803975,0.6899212090355973,0.45896308223823423,0.7520009535014265,0.752004406439432,0.3461658837130981,0.9544046932645851
20220907,1.4167355792955951,0.7798897558637942,0.5506249603567284,0.3246270874217933,1.47737193397549,0.6043597728349258,0.11047515744417877,0.11047277913841294,0.2283576742541878,0.39640817184898297
20220908,-0.7027865767885133,-0.11641670343909005,-0.14670026863058608,1.249714237744145,0.1815576784594075,1.3531845100581927,-0.2613550331268944,-0.2613664373753639,0.5926762183606591,0.08406098593467368
20220909,0.07855660103087149,-0.46528795462614914,-0.4312855671526563,-0.14748499408715635,-0.435671359992593,-0.13597106095190334,1.1075499113209586,1.1075473498145623,-0.10823784693368593,0.8090408530687284
20220913,-0.18695700261152426,-0.34543680706600705,-0.34523689958553455,0.0280076359168375,-0.0705424177927622,-0.4955970888570611,0.37926624999971226,0.37923035686869155,1.2883162766397487,0.7537074424745901
20220914,-1.1470092850611717,-0.33841321964600235,-0.3638657813325515,-0.870813476179006,-0.6849021125488368,-0.9397357781116802,-0.7787364294536421,-0.7787160286587463,-0.9980695088212804,-0.8198656859731495
20220915,-1.661058956261571,-0.054188356180999,-0.18975290583245574,-0.0712568239409306,-0.5183877026593481,-1.5996698964621903,-0.6487880717515276,-0.6488199443096301,0.47305024730643686,0.07323371745586803
20220916,-1.4922762336161344,-0.07262358906293719,-0.24610901528199902,-1.4971574085523074,-1.729253102575003,-1.6914500764199167,-1.707369704911907,-1.7073733236803903,-1.2266680329858424,-1.5336867488287629
20220919,-0.6134833678284758,-0.49165543805105916,-0.5653301852738217,-1.4332265272402527,-1.3702458856662858,-0.8138426093514688,-0.029573594650095295,-0.02954935689242109,-1.6521684278494846,-1.4755654786956593
20220920,0.3787098549099701,-0.8325168099086944,-0.7993148690491919,-0.38335438247092435,-0.24642434450254921,0.3553606388491727,0.15298726518431363,0.15299836064594372,0.41699943103799003,0.17289185109852775
20220921,0.6645211982661651,-0.4851267074130138,-0.5568035988779276,0.10290788417844378,0.5679350164254879,-0.5779141867712212,-0.4975836601793459,-0.4975528094280218,-0.4356774518054715,-0.7171731183137187
20220922,-0.6607192545148889,-0.6234684758873015,-0.6530271675612168,0.4837352145879332,-0.14189100562858925,0.7992903305475176,-0.603863929529683,-0.6038441796693892,-0.8883212547355938,-0.5049059427300475
20220923,-0.8924489305054806,-0.31468169330598045,-0.4644147491989928,-0.3359549713628165,-0.14317297911333648,-1.421296723501157,-0.19932052130042097,-0.19933443260348305,-0.14739875137659436,-0.21031901098451258
20220926,-0.9553616549472392,-0.6939511369181095,-0.7314531108990558,-0.8167593234690503,-1.3064918017940623,-0.7714889254054716,-0.31796246736952083,-0.3179294547077965,-0.6798428292273297,0.1993532253743139
20220927,0.7028233411662348,-0.5415923469340873,-0.6298922687767442,-0.45100667941821365,0.15410747896822355,0.1301319590191933,1.1528509339305706,1.1528746865010135,0.36811922771243266,0.07196969596267261
20220928,-1.2472315142045176,-0.504355977992193,-0.6194482996918201,0.20471623159377042,-0.13480845474165337,-0.7651723240785347,-1.1711442891968016,-1.171159197969757,0.8063299252927123,-0.25261218599989466
20220929,-0.3004600462724994,-0.8620452605307266,-0.8550662344620995,-0.49021278215984704,-0.6986686263690767,-0.44786616472714774,0.029370497996687433,0.02936037105666098,-0.2524087707654254,-0.07421272671606731
20220930,0.11056062570608612,-0.7241530119162827,-0.7691453032670124,-0.752861199031266,-0.30789919048204367,-0.0025491322404753566,-0.37818795333471183,-0.3781782068460266,-0.5849684531981154,-0.5239781628776092
20221010,-0.7163069936299141,-0.7170778858253826,-0.7698985359089319,0.22824018162005888,0.38304933405736824,-0.9067946019725044,-1.6028230853452987,-1.602857348852658,-0.5021799936453546,-0.9367868813163097
20221011,1.3195254936510927,-0.6291903376237339,-0.7090968189024087,-0.6328875871445285,-0.06660979450536585,0.29747382215660456,0.19693151839796363,0.19693905136792994,-1.5199789842708789,-1.6092256814122388
20221012,1.0013336076823276,-0.6290714351298836,-0.6995160963469543,1.3933843069061513,0.8109411033932086,1.1245002074893646,1.2050865556750978,1.2050835661565105,-0.13555481427491334,1.2096558932542194
20221013,0.3522509125848996,-0.408428183277439,-0.5376187195877962,0.37544446700914513,0.7031194428219794,0.8712914171724889,-0.5698693185530859,-0.5698804702997554,0.7910537702716669,0.061217247067648854
20221014,1.5263707568728275,0.17190730211605915,-0.1239041915970212,0.8389707614725493,1.6589626714944412,0.7882364454100684,1.8638734734920814,1.8638573735444577,0.6413991838684536,2.0788842034670534
20221017,-0.8813587658051922,-0.4950319694816365,-0.5823584321988577,0.6727220611366089,-0.8256565515898764,0.5160106152492031,0.13753516928586035,0.1375287533456422,0.8942410547704093,-0.2555962541171866
20221018,0.32596311477680884,-0.6847492387024964,-0.7022744507288712,-0.15176190731773115,0.25695915448095413,0.659144870144377,-0.09944721854212545,-0.09941902228158632,0.9842270662760738,0.5873990239948699
20221019,-0.11422058289512732,-0.7430642824804344,-0.7420726121885711,0.03918664771176361,0.25583882894956045,-0.14574925377742456,-1.1521495176533372,-1.1521223641583551,-0.7393068096716243,-0.6508330341929716
20221020,-0.13314916647308847,-0.7606558636748925,-0.7611912775560776,-0.057068381942944994,-0.3185065996211365,-0.5883008989718564,-0.37102722596713594,-0.37104961609337317,-1.6453368919589508,-0.8175943908338603
20221021,1.687896951998323,0.03584820489960818,-0.1804504409684147,0.23233535446850193,1.8385625203773437,0.8121647262891833,-0.18138101484270452,-0.1813714242374262,0.22038045573590603,-0.8090789346766392
20221024,-1.0566449800958597,-0.5237013709709417,-0.581134050437143,1.4958275741316094,-0.4034035654269504,0.5037806257075637,-2.145380091574892,-2.145358780656064,-0.49657869093249973,-0.08562520771591126
20221025,0.12230113957089749,-0.7271366946396608,-0.7293242563836061,-1.0290755610800446,-0.6976962785338859,-0.5374702162269172,-0.0625883166184979,-0.06259644477787765,-2.2349606341193105,-2.23007121230593
20221026,0.21249430001922964,-0.774616855592201,-0.7573992069029598,0.0869106503643209,0.09828492297696635,0.48424440507412636,0.6721023112947901,0.6721188247571902,0.31649553019643695,0.8594410342176275
20221027,-0.5079556586587572,-0.790073324379104,-0.7711135038084129,0.3243121570239712,0.2539340045896563,-0.14454247946550286,-0.47074977657032463,-0.47072398068723903,0.8268495766634466,-0.3265101729818253
20221028,-1.3755214441325438,-0.5631059995983527,-0.63936772302052,-0.4938597365227035,-0.5899351236362492,-1.5036153758152695,-1.8042279645680652,-1.8042082214422588,-1.3146919912729487,-1.6284350219538661
20221031,-0.3876068343185919,-0.7309834897104839,-0.7584071084780517,-0.9196293339539764,-1.076803895613144,-0.5448774413778787,-0.6342404887837155,-0.6342384786560288,-2.1937820351162007,-1.6401757450126482
20221101,0.6683890643499076,-0.7653567892501001,-0.7793280415394238,-0.3907970620905529,0.04548169255208812,0.3298035116384355,2.7556478470267187,2.755617839492114,0.41575674112176814,2.2393464458195913
20221102,0.06955439943773624,-0.31787238612656543,-0.4974967614577981,0.10552609035752185,-0.20905310919497924,-0.6810899932408058,0.9651645008225282,0.9651643821936611,2.371511502374995,1.890789014362185
20221103,-0.23323448000285069,-0.7535644847251207,-0.7724149045661539,0.05521912877359834,0.26529411970384514,0.6459351975945654,-0.5527589489484571,-0.5527725422119858,0.6138713711731679,-0.7755264710930956
20221104,1.0423056050472816,-0.5114193421457519,-0.599292277717224,0.2728501958047544,0.8289047819260569,0.6147273177697375,2.5248462975581143,2.5248278533946995,0.10059441372915588,2.9975127093141016
20221107,0.624370694582714,-0.5254393576031733,-0.5987439086486784,0.7698796574381495,0.669168896746688,0.8883634008079427,0.2227101369212369,0.22271859109411923,2.4507014339614694,0.3280278420221803
20221108,-0.18682008699794042,-0.6456681702786741,-0.67834929762752,0.2662410093873154,0.11612193492635828,0.40343533376110347,-0.4583127237740085,-0.4583487464875303,0.4746492400584214,-0.2636345890384379
20221109,0.618038347454463,-0.8329571340720713,-0.8017684708959043,0.2325261096927263,0.2557376247618208,0.23188080412212586,-0.6445670114085356,-0.6445386503700546,-0.42733694965731456,-0.3913524821876367
20221110,-0.6889580998165489,-0.9019853780872762,-0.8509353188712211,0.2314820107686842,-0.10996546583287754,0.021679508165296176,-0.5198196030576079,-0.5198330618003447,-1.3369616576555967,-1.4086720953230298
20221111,0.2893039592397448,-0.9251251720523276,-0.8645079441061112,0.5649820604170419,0.3254490546240115,0.2938862695173187,2.161533603750579,2.1615457577423927,2.2977261268712272,3.3487207799227687
20221114,0.2508306718226953,-0.7567263073358679,-0.7492122847136249,-0.414681061845531,-0.022930039948048774,-0.14464245306746604,0.17115289987469037,0.17118805889615574,0.7110678591938846,0.5632585696255227
20221115,0.9572467801083421,-0.3589741553856228,-0.46376816062201753,0.1347848973606249,1.0879955757599524,0.20985712432890358,1.4897820005944054,1.489745581841326,-0.5558223501697531,0.6526439236105239
20221116,1.4099924853265926,0.7222169138646911,0.3696840745489155,0.9281222665435475,1.7478039591911785,1.458146249207629,-0.555547863817934,-0.555579996553966,1.5960363512663522,0.22718739600146529
20221117,0.15057421377595342,-0.6802027152865692,-0.6665805013345836,0.780017779311782,-0.6575865778617128,0.48451555386317946,-0.24891798033057838,-0.24894026659950247,-0.7650523426141487,-1.2916359363660834
20221118,-0.32383838729193426,-0.9002935837907851,-0.8207817365595664,0.5069189598969178,0.014500469848457443,0.5788646690210661,-0.27725938549066825,-0.2772457397401133,0.11659695393288286,0.5405131749420365
20221121,0.35666644112297735,-0.7712753961202412,-0.7275619087212986,-0.3897656404400598,0.2933667266015178,-0.6822813747790922,-0.5830601321249362,-0.5830441007330585,-1.0827807919315264,-1.6635647717520137
20221122,0.3197334543587457,-0.78036651827144,-0.7272660831244193,0.4015223326348071,0.27549107270762135,1.0208027069956704,0.06909369086734536,0.06911346105712632,-0.013343524454314871,1.0868904501006376
20221123,-0.16997946652713228,-0.5210168691628451,-0.5431020238257066,0.7696730436602474,0.2417626507862824,-0.3273989961876535,0.13926881906958924,0.13930213734475722,-0.06321786484424005,-0.386838366963861
20221124,0.36974188222023086,-0.8264786589844841,-0.7600366109317592,-0.5844293677136766,-0.09740159317784551,0.6127723420052112,-0.2737920859232104,-0.27379330093351173,0.7359415320414748,0.4229403991678704
20221125,1.3204839029461792,-0.11282952640340019,-0.21134509828217468,0.27804276755106194,1.2936336496059213,0.1782483075018996,0.44077312928331164,0.44077381334925037,-0.7954711869244451,-0.2788794002507469
20221128,-1.2910445105513355,-0.3669493904632416,-0.4072148779052769,1.0873792026507918,-0.20163552814606978,0.42880657387837723,-0.7889121999233553,-0.7889114698557391,-1.0012239093216644,-1.2867504358425104
20221129,-0.6227251717453827,-0.10577877960080748,-0.2527615474877815,-0.7572383008068765,-0.8487459943294,-1.391416776817365,2.3857774344720353,2.3857430809690663,1.4745233201599424,3.0978016040757836
20221130,-0.4131073673485757,-0.7083990730413479,-0.6875925896432344,-0.3843204034208005,-0.5348626412072994,0.1617154910134021,0.15057523070260384,0.15057109552404777,1.5644669153660853,0.396669326248883
20221201,0.03166300337841794,-0.7116348889306421,-0.6902244829300201,-0.46521925919726237,-0.035188312758222456,0.062398812629129476,0.8765976096972473,0.8765963357944636,1.8477093536874092,1.9684678549790324
20221202,-0.4189605098292834,-0.7799246971342196,-0.7474189285001827,0.0703519104431825,-0.13461967586977522,-0.47168900650555345,-0.40080077660074104,-0.40081176632932786,-0.6564840417466027,-1.03987797378552
20221205,0.5761079407944224,-0.7069974778170774,-0.68922523005102,-0.23215843600978986,-0.01945807538163755,0.18292555591892967,1.538701074926582,1.5386904773819134,0.5042488845532073,1.2822916623965581
20221206,-1.0228610524440556,-0.3509987064545977,-0.45423276836377263,0.3148389840906655,-0.13631345465823091,-0.7962743896025531,0.46738088465967265,0.4673987212856996,0.504635311885936,1.0761993847926212
20221207,-0.2537375931370256,-0.8040462920871602,-0.7753688477803276,-0.8077857281404106,-0.7745923768497774,-0.22276165797028383,-0.1251504609878453,-0.12513651520056687,0.6317651095783825,0.33360180732542105
20221208,-0.07626072902901712,-1.0683502830573162,-0.959827673809642,-0.35011873357192064,-0.1255442183281812,-0.08071046887764145,0.07429464021853206,0.0742682591572015,-0.008277456167131493,-0.5883850521719788
20221209,0.39253833188193454,-0.7292959724821169,-0.7239982903997956,0.15004270472641143,0.2366356474839508,0.22817350400226868,0.8039350709357403,0.8039187497669574,0.2424340287244151,0.840492310997069
20221212,-0.8968302301401623,-0.5258630012008662,-0.5950714125954121,0.3387915280177526,0.029234898874671223,-0.8192574716028451,-0.7843896352701494,-0.7844021367924706,0.3519331256888766,-0.392915936762987
20221213,-0.39044783330045585,-0.9442776692586791,-0.8851642378876101,-0.7875142787820221,-0.7115389758968069,-0.29315151509983656,-0.08776392652134372,-0.08779164168811047,-0.3971951917646041,-0.3750652310574138
20221214,-0.07982053498219606,-0.9453356020591773,-0.8871717710602979,-0.3783545503282456,-0.3773180109617108,-0.12673153027414327,0.23605170264819417,0.23603402536413418,0.04713763231352117,0.2790097914095632
20221215,0.10624778387819624,-1.0502599957195873,-0.9590511151938129,-0.04254671382555001,-0.043607062888285336,-0.21251055868962967,0.004948648869375915,0.004980510742834619,0.1011790615757964,-0.14189907216113123
